Image,Transformation_Type,Matrix_Type,Matrix_Values,Reprojection_Error,Notes
calibration_checkerboard,Camera Calibration,Camera Matrix (K),"[[1.325027667800082e+19, 0.0, -178.42769276405363], [0.0, 1.325027667800082e+19, -141.95740992440284], [0.0, 0.0, 1.0]]",335.92299951363646,Intrinsic camera parameters
calibration_checkerboard,Camera Calibration,Distortion Coefficients,"[-3.812860310395252e-26, -5.281264654380569e-57, -3.420484583354146e-10, -3.3368040656043365e-10, -7.905640553922093e-88]",335.92299951363646,Lens distortion parameters
cameraman,Homography,3x3 Homography Matrix,"[[0.7013698697019259, -0.07514676933036264, 76.80000305175781], [-0.07514677501396635, 0.7765166979019077, 76.8000030517579], [-2.5799997264243298e-11, 1.2221051071206288e-10, 1.0]]",N/A,Perspective transformation matrix
coins,Homography,3x3 Homography Matrix,"[[0.7652741319825652, -0.07524835190471481, 45.45000076293954], [-0.059334203684046745, 0.7775661250902173, 45.45000076293951], [4.256590771555168e-11, -2.7593877685551356e-10, 1.0]]",N/A,Perspective transformation matrix
checkerboard,Homography,3x3 Homography Matrix,"[[0.7035175879396989, -0.0753768844221106, 29.999999999999975], [-0.07537688442211059, 0.7788944723618094, 29.99999999999996], [0.0, 0.0, 1.0]]",N/A,Perspective transformation matrix
calibration_checkerboard,Homography,3x3 Homography Matrix,"[[0.7915831663326653, -0.07521489971346701, 52.49999999999998], [-0.05260521042084164, 0.7772206303724927, 52.50000000000003], [0.0, 0.0, 1.0]]",N/A,Perspective transformation matrix
